"Data Source","World Development Indicators",

"Country Name","Country Code","Indicator Name","Indicator Code","1960","1961","1962","1963","1964","1965","1966","1967","1968","1969","1970","1971","1972","1973","1974","1975","1976","1977","1978","1979","1980","1981","1982","1983","1984","1985","1986","1987","1988","1989","1990","1991","1992","1993","1994","1995","1996","1997","1998","1999","2000","2001","2002","2003","2004","2005","2006","2007","2008","2009","2010","2011","2012","2013",
"Aruba","ABW","Poverty headcount ratio at rural poverty line (% of rural population)","SI.POV.RUHC","","","","","","","","","","","","","","","","","","","","","","","","","","","","","","","","","","","","","","","","","","","","","","","","","","","","","","",
"Andorra","AND","Poverty headcount ratio at rural poverty line (% of rural population)","SI.POV.RUHC","","","","","","","","","","","","","","","","","","","","","","","","","","","","","","","","","","","","","","","","","","","","","","","","","","","","","","",
"Afghanistan","AFG","Poverty headcount ratio at rural poverty line (% of rural population)","SI.POV.RUHC","","","","","","","","","","","","","","","","","","","","","","","","","","","","","","","","","","","","","","","","","","","","","","","","","38.2","","","38.3","","",
"Angola","AGO","Poverty headcount ratio at rural poverty line (% of rural population)","SI.POV.RUHC","","","","","","","","","","","","","","","","","","","","","","","","","","","","","","","","","","","","","","","","","","","","","","","","","58.3","","","","","",
"Albania","ALB","Poverty headcount ratio at rural poverty line (% of rural population)","SI.POV.RUHC","","","","","","","","","","","","","","","","","","","","","","","","","","","","","","","","","","","","","","","","","","","29.6","","","24.2","","","14.6","","","","15.3","",
"Andean Region","ANR","Poverty headcount ratio at rural poverty line (% of rural population)","SI.POV.RUHC","","","","","","","","","","","","","","","","","","","","","","","","","","","","","","","","","","","","","","","","","","","","","","","","","","","","","","",
"Arab World","ARB","Poverty headcount ratio at rural poverty line (% of rural population)","SI.POV.RUHC","","","","","","","","","","","","","","","","","","","","","","","","","","","","","","","","","","","","","","","","","","","","","","","","","","","","","","",
"United Arab Emirates","ARE","Poverty headcount ratio at rural poverty line (% of rural population)","SI.POV.RUHC","","","","","","","","","","","","","","","","","","","","","","","","","","","","","","","","","","","","","","","","","","","","","","","","","","","","","","",
"Argentina","ARG","Poverty headcount ratio at rural poverty line (% of rural population)","SI.POV.RUHC","","","","","","","","","","","","","","","","","","","","","","","","","","","","","","","","","","","","","","","","","","","","","","","","","","","","","","",
"Armenia","ARM","Poverty headcount ratio at rural poverty line (% of rural population)","SI.POV.RUHC","","","","","","","","","","","","","","","","","","","","","","","","","","","","","","","","","","","","","","","","","","47.9","","","","","","","27.5","34.9","36","34.5","32.1","",
"American Samoa","ASM","Poverty headcount ratio at rural poverty line (% of rural population)","SI.POV.RUHC","","","","","","","","","","","","","","","","","","","","","","","","","","","","","","","","","","","","","","","","","","","","","","","","","","","","","","",
"Antigua and Barbuda","ATG","Poverty headcount ratio at rural poverty line (% of rural population)","SI.POV.RUHC","","","","","","","","","","","","","","","","","","","","","","","","","","","","","","","","","","","","","","","","","","","","","","","","","","","","","","",
"Australia","AUS","Poverty headcount ratio at rural poverty line (% of rural population)","SI.POV.RUHC","","","","","","","","","","","","","","","","","","","","","","","","","","","","","","","","","","","","","","","","","","","","","","","","","","","","","","",
"Austria","AUT","Poverty headcount ratio at rural poverty line (% of rural population)","SI.POV.RUHC","","","","","","","","","","","","","","","","","","","","","","","","","","","","","","","","","","","","","","","","","","","","","","","","","","","","","","",
"Azerbaijan","AZE","Poverty headcount ratio at rural poverty line (% of rural population)","SI.POV.RUHC","","","","","","","","","","","","","","","","","","","","","","","","","","","","","","","","","","","","","","","","","","42.5","","","","","","","","","","","","",
"Burundi","BDI","Poverty headcount ratio at rural poverty line (% of rural population)","SI.POV.RUHC","","","","","","","","","","","","","","","","","","","","","","","","","","","","","","","","","","","","","","","","","","","","","","","68.9","","","","","","","",
"Belgium","BEL","Poverty headcount ratio at rural poverty line (% of rural population)","SI.POV.RUHC","","","","","","","","","","","","","","","","","","","","","","","","","","","","","","","","","","","","","","","","","","","","","","","","","","","","","","",
"Benin","BEN","Poverty headcount ratio at rural poverty line (% of rural population)","SI.POV.RUHC","","","","","","","","","","","","","","","","","","","","","","","","","","","","","","","","","","","","","","","","","","","","","","","38.8","36.1","","","38.4","39.7","","",
"Burkina Faso","BFA","Poverty headcount ratio at rural poverty line (% of rural population)","SI.POV.RUHC","","","","","","","","","","","","","","","","","","","","","","","","","","","","","","","","","","","","","","","","","","","","65.8","","","","","","52.8","","","","",
"Bangladesh","BGD","Poverty headcount ratio at rural poverty line (% of rural population)","SI.POV.RUHC","","","","","","","","","","","","","","","","","","","","","","","","","","","","","","","","","58.7","","","","54.5","","","","52.3","","","","","43.8","","","","","35.16","","","",
"Bulgaria","BGR","Poverty headcount ratio at rural poverty line (% of rural population)","SI.POV.RUHC","","","","","","","","","","","","","","","","","","","","","","","","","","","","","","","","","","","","","","","","","","","","","","","","","","","","","","",
"Bahrain","BHR","Poverty headcount ratio at rural poverty line (% of rural population)","SI.POV.RUHC","","","","","","","","","","","","","","","","","","","","","","","","","","","","","","","","","","","","","","","","","","","","","","","","","","","","","","",
"Bahamas, The","BHS","Poverty headcount ratio at rural poverty line (% of rural population)","SI.POV.RUHC","","","","","","","","","","","","","","","","","","","","","","","","","","","","","","","","","","","","","","","","","","","","","","","","","","","","","","",
"Bosnia and Herzegovina","BIH","Poverty headcount ratio at rural poverty line (% of rural population)","SI.POV.RUHC","","","","","","","","","","","","","","","","","","","","","","","","","","","","","","","","","","","","","","","","","","","","","","","","","","","","","","",
"Belarus","BLR","Poverty headcount ratio at rural poverty line (% of rural population)","SI.POV.RUHC","","","","","","","","","","","","","","","","","","","","","","","","","","","","","","","","","","","","","","","","","50.8","","","","","16.7","15.5","12.4","9.7","9.5","8.9","11.5","9.4","9",
"Belize","BLZ","Poverty headcount ratio at rural poverty line (% of rural population)","SI.POV.RUHC","","","","","","","","","","","","","","","","","","","","","","","","","","","","","","","","","","","","","","","","","","","","","","","","","","","","","","",
"Bermuda","BMU","Poverty headcount ratio at rural poverty line (% of rural population)","SI.POV.RUHC","","","","","","","","","","","","","","","","","","","","","","","","","","","","","","","","","","","","","","","","","","","","","","","","","","","","","","",
"Bolivia","BOL","Poverty headcount ratio at rural poverty line (% of rural population)","SI.POV.RUHC","","","","","","","","","","","","","","","","","","","","","","","","","","","","","","","","","","","","","","","","84","87","77.7","78.8","","77.7","77.595583","76.5","77.3","73.6","66.4","","61.34619","","",
"Brazil","BRA","Poverty headcount ratio at rural poverty line (% of rural population)","SI.POV.RUHC","","","","","","","","","","","","","","","","","","","","","","","","","","","","","","","","","","","","","","","","","","","","","","","","","","","","","","",
"Barbados","BRB","Poverty headcount ratio at rural poverty line (% of rural population)","SI.POV.RUHC","","","","","","","","","","","","","","","","","","","","","","","","","","","","","","","","","","","","","","","","","","","","","","","","","","","","","","",
"Brunei Darussalam","BRN","Poverty headcount ratio at rural poverty line (% of rural population)","SI.POV.RUHC","","","","","","","","","","","","","","","","","","","","","","","","","","","","","","","","","","","","","","","","","","","","","","","","","","","","","","",
"Bhutan","BTN","Poverty headcount ratio at rural poverty line (% of rural population)","SI.POV.RUHC","","","","","","","","","","","","","","","","","","","","","","","","","","","","","","","","","","","","","","","","","","","","","","","","30.9","","","","","16.7","",
"Botswana","BWA","Poverty headcount ratio at rural poverty line (% of rural population)","SI.POV.RUHC","","","","","","","","","","","","","","","","","","","","","","","","","","","68","","","","","","","40.4","","","","","","","","","","44.8","","","","","","24.3","","","","",
"Sub-Saharan Africa (IFC classification)","CAA","Poverty headcount ratio at rural poverty line (% of rural population)","SI.POV.RUHC","","","","","","","","","","","","","","","","","","","","","","","","","","","","","","","","","","","","","","","","","","","","","","","","","","","","","","",
"Central African Republic","CAF","Poverty headcount ratio at rural poverty line (% of rural population)","SI.POV.RUHC","","","","","","","","","","","","","","","","","","","","","","","","","","","","","","","","","","","","","","","","","","","","","","","","","69.4","","","","","",
"Canada","CAN","Poverty headcount ratio at rural poverty line (% of rural population)","SI.POV.RUHC","","","","","","","","","","","","","","","","","","","","","","","","","","","","","","","","","","","","","","","","","","","","","","","","","","","","","","",
"East Asia and the Pacific (IFC classification)","CEA","Poverty headcount ratio at rural poverty line (% of rural population)","SI.POV.RUHC","","","","","","","","","","","","","","","","","","","","","","","","","","","","","","","","","","","","","","","","","","","","","","","","","","","","","","",
"Central Europe and the Baltics","CEB","Poverty headcount ratio at rural poverty line (% of rural population)","SI.POV.RUHC","","","","","","","","","","","","","","","","","","","","","","","","","","","","","","","","","","","","","","","","","","","","","","","","","","","","","","",
"Europe and Central Asia (IFC classification)","CEU","Poverty headcount ratio at rural poverty line (% of rural population)","SI.POV.RUHC","","","","","","","","","","","","","","","","","","","","","","","","","","","","","","","","","","","","","","","","","","","","","","","","","","","","","","",
"Switzerland","CHE","Poverty headcount ratio at rural poverty line (% of rural population)","SI.POV.RUHC","","","","","","","","","","","","","","","","","","","","","","","","","","","","","","","","","","","","","","","","","","","","","","","","","","","","","","",
"Channel Islands","CHI","Poverty headcount ratio at rural poverty line (% of rural population)","SI.POV.RUHC","","","","","","","","","","","","","","","","","","","","","","","","","","","","","","","","","","","","","","","","","","","","","","","","","","","","","","",
"Chile","CHL","Poverty headcount ratio at rural poverty line (% of rural population)","SI.POV.RUHC","","","","","","","","","","","","","","","","","","","","","","","","","","","","51.5","","","38.8","","33.9","","31","","30.3","","27.5","","23.7","","","19.9","","","12.3","","","12.9","","10.8","","",
"China","CHN","Poverty headcount ratio at rural poverty line (% of rural population)","SI.POV.RUHC","","","","","","","","","","","","","","","","","","","","","","","","","","","","","","","","","","","","","","","","","","","","","","","","","","","","12.7","10.2","",
"Cote d'Ivoire","CIV","Poverty headcount ratio at rural poverty line (% of rural population)","SI.POV.RUHC","","","","","","","","","","","","","","","","","","","","","","","","","","12.4","","","","","","","","48.4","","","","","41.5","","","","45.8","","","","","","54.2","","","","","",
"Latin America and the Caribbean (IFC classification)","CLA","Poverty headcount ratio at rural poverty line (% of rural population)","SI.POV.RUHC","","","","","","","","","","","","","","","","","","","","","","","","","","","","","","","","","","","","","","","","","","","","","","","","","","","","","","",
"Middle East and North Africa (IFC classification)","CME","Poverty headcount ratio at rural poverty line (% of rural population)","SI.POV.RUHC","","","","","","","","","","","","","","","","","","","","","","","","","","","","","","","","","","","","","","","","","","","","","","","","","","","","","","",
"Cameroon","CMR","Poverty headcount ratio at rural poverty line (% of rural population)","SI.POV.RUHC","","","","","","","","","","","","","","","","","","","","","","","","","","","","","","","","","","","","","59.6","","","","","52.1","","","","","","55","","","","","","",
"Congo, Rep.","COG","Poverty headcount ratio at rural poverty line (% of rural population)","SI.POV.RUHC","","","","","","","","","","","","","","","","","","","","","","","","","","","","","","","","","","","","","","","","","","","","","","64.8","","","","","","74.8","","",
"Colombia","COL","Poverty headcount ratio at rural poverty line (% of rural population)","SI.POV.RUHC","","","","","","","","","","","","","","","","","","","","","","","","","","","","","","","","","","","","","","","","","","","61.7","56.8","58.3","56.4","","","56.7","53.7","49.7","46.1","46.8","",
"Comoros","COM","Poverty headcount ratio at rural poverty line (% of rural population)","SI.POV.RUHC","","","","","","","","","","","","","","","","","","","","","","","","","","","","","","","","","","","","","","","","","","","","","48.7","","","","","","","","","",
"Cabo Verde","CPV","Poverty headcount ratio at rural poverty line (% of rural population)","SI.POV.RUHC","","","","","","","","","","","","","","","","","","","","","","","","","","","","","","","","","","","","","","","","","","","","","","","","44.3","","","","","","",
"Costa Rica","CRI","Poverty headcount ratio at rural poverty line (% of rural population)","SI.POV.RUHC","","","","","","","","","","","","","","","","","","","","","","","","","","","","","","","","","","","","","","","","","","","","","","","","","","","26.3","26","25.8","26.5",
"South Asia (IFC classification)","CSA","Poverty headcount ratio at rural poverty line (% of rural population)","SI.POV.RUHC","","","","","","","","","","","","","","","","","","","","","","","","","","","","","","","","","","","","","","","","","","","","","","","","","","","","","","",
"Caribbean small states","CSS","Poverty headcount ratio at rural poverty line (% of rural population)","SI.POV.RUHC","","","","","","","","","","","","","","","","","","","","","","","","","","","","","","","","","","","","","","","","","","","","","","","","","","","","","","",
"Cuba","CUB","Poverty headcount ratio at rural poverty line (% of rural population)","SI.POV.RUHC","","","","","","","","","","","","","","","","","","","","","","","","","","","","","","","","","","","","","","","","","","","","","","","","","","","","","","",
"Curacao","CUW","Poverty headcount ratio at rural poverty line (% of rural population)","SI.POV.RUHC","","","","","","","","","","","","","","","","","","","","","","","","","","","","","","","","","","","","","","","","","","","","","","","","","","","","","","",
"Cayman Islands","CYM","Poverty headcount ratio at rural poverty line (% of rural population)","SI.POV.RUHC","","","","","","","","","","","","","","","","","","","","","","","","","","","","","","","","","","","","","","","","","","","","","","","","","","","","","","",
"Cyprus","CYP","Poverty headcount ratio at rural poverty line (% of rural population)","SI.POV.RUHC","","","","","","","","","","","","","","","","","","","","","","","","","","","","","","","","","","","","","","","","","","","","","","","","","","","","","","",
"Czech Republic","CZE","Poverty headcount ratio at rural poverty line (% of rural population)","SI.POV.RUHC","","","","","","","","","","","","","","","","","","","","","","","","","","","","","","","","","","","","","","","","","","","","","","","","","","","","","","",
"Germany","DEU","Poverty headcount ratio at rural poverty line (% of rural population)","SI.POV.RUHC","","","","","","","","","","","","","","","","","","","","","","","","","","","","","","","","","","","","","","","","","","","","","","","","","","","","","","",
"Djibouti","DJI","Poverty headcount ratio at rural poverty line (% of rural population)","SI.POV.RUHC","","","","","","","","","","","","","","","","","","","","","","","","","","","","","","","","","","","","","","","","","","","","","","","","","","","","","","",
"Dominica","DMA","Poverty headcount ratio at rural poverty line (% of rural population)","SI.POV.RUHC","","","","","","","","","","","","","","","","","","","","","","","","","","","","","","","","","","","","","","","","","","","","","","","","","","","","","","",
"Denmark","DNK","Poverty headcount ratio at rural poverty line (% of rural population)","SI.POV.RUHC","","","","","","","","","","","","","","","","","","","","","","","","","","","","","","","","","","","","","","","","","","","","","","","","","","","","","","",
"Dominican Republic","DOM","Poverty headcount ratio at rural poverty line (% of rural population)","SI.POV.RUHC","","","","","","","","","","","","","","","","","","","","","","","","","","","","","","","","","","","","","","","","","47.4","47.5","47.2","55.4","59.9","57","54","51.8","55.2","50.8","50.4","48.4","49.4","",
"Algeria","DZA","Poverty headcount ratio at rural poverty line (% of rural population)","SI.POV.RUHC","","","","","","","","","","","","","","","","","","","","","","","","","","","","","","","","","","","","","","","","","","","","","","","","","","","","","","",
"East Asia & Pacific (developing only)","EAP","Poverty headcount ratio at rural poverty line (% of rural population)","SI.POV.RUHC","","","","","","","","","","","","","","","","","","","","","","","","","","","","","","","","","","","","","","","","","","","","","","","","","","","","","","",
"East Asia & Pacific (all income levels)","EAS","Poverty headcount ratio at rural poverty line (% of rural population)","SI.POV.RUHC","","","","","","","","","","","","","","","","","","","","","","","","","","","","","","","","","","","","","","","","","","","","","","","","","","","","","","",
"Europe & Central Asia (developing only)","ECA","Poverty headcount ratio at rural poverty line (% of rural population)","SI.POV.RUHC","","","","","","","","","","","","","","","","","","","","","","","","","","","","","","","","","","","","","","","","","","","","","","","","","","","","","","",
"Europe & Central Asia (all income levels)","ECS","Poverty headcount ratio at rural poverty line (% of rural population)","SI.POV.RUHC","","","","","","","","","","","","","","","","","","","","","","","","","","","","","","","","","","","","","","","","","","","","","","","","","","","","","","",
"Ecuador","ECU","Poverty headcount ratio at rural poverty line (% of rural population)","SI.POV.RUHC","","","","","","","","","","","","","","","","","","","","","","","","","","","","","","","","","","","","","","","","","82.2","72.4","","71.3","68.8","64.3","60.6","61.3","59.7","57.5","53","50.9","49.1","42",
"Egypt, Arab Rep.","EGY","Poverty headcount ratio at rural poverty line (% of rural population)","SI.POV.RUHC","","","","","","","","","","","","","","","","","","","","","","","","","","","","","","","","","","","","","","","","","22.1","","","","","26.8","","","","28.9","","32.3","","",
"Euro area","EMU","Poverty headcount ratio at rural poverty line (% of rural population)","SI.POV.RUHC","","","","","","","","","","","","","","","","","","","","","","","","","","","","","","","","","","","","","","","","","","","","","","","","","","","","","","",
"Eritrea","ERI","Poverty headcount ratio at rural poverty line (% of rural population)","SI.POV.RUHC","","","","","","","","","","","","","","","","","","","","","","","","","","","","","","","","","","","","","","","","","","","","","","","","","","","","","","",
"Spain","ESP","Poverty headcount ratio at rural poverty line (% of rural population)","SI.POV.RUHC","","","","","","","","","","","","","","","","","","","","","","","","","","","","","","","","","","","","","","","","","","","","","","","","","","","","","","",
"Estonia","EST","Poverty headcount ratio at rural poverty line (% of rural population)","SI.POV.RUHC","","","","","","","","","","","","","","","","","","","","","","","","","","","","","","","","","","","","","","","","","","","","","","","","","","","","","","",
"Ethiopia","ETH","Poverty headcount ratio at rural poverty line (% of rural population)","SI.POV.RUHC","","","","","","","","","","","","","","","","","","","","","","","","","","","","","","","","","","","","47.5","","","","45.4","","","","","39.3","","","","","","","30.4","","",
"European Union","EUU","Poverty headcount ratio at rural poverty line (% of rural population)","SI.POV.RUHC","","","","","","","","","","","","","","","","","","","","","","","","","","","","","","","","","","","","","","","","","","","","","","","","","","","","","","",
"Fragile and conflict affected situations","FCS","Poverty headcount ratio at rural poverty line (% of rural population)","SI.POV.RUHC","","","","","","","","","","","","","","","","","","","","","","","","","","","","","","","","","","","","","","","","","","","","","","","","","","","","","","",
"Finland","FIN","Poverty headcount ratio at rural poverty line (% of rural population)","SI.POV.RUHC","","","","","","","","","","","","","","","","","","","","","","","","","","","","","","","","","","","","","","","","","","","","","","","","","","","","","","",
"Fiji","FJI","Poverty headcount ratio at rural poverty line (% of rural population)","SI.POV.RUHC","","","","","","","","","","","","","","","","","","","","","","","","","","","","","","","","","","","","","","","","","","","","44.6","","","","","","44","","","","",
"France","FRA","Poverty headcount ratio at rural poverty line (% of rural population)","SI.POV.RUHC","","","","","","","","","","","","","","","","","","","","","","","","","","","","","","","","","","","","","","","","","","","","","","","","","","","","","","",
"Faeroe Islands","FRO","Poverty headcount ratio at rural poverty line (% of rural population)","SI.POV.RUHC","","","","","","","","","","","","","","","","","","","","","","","","","","","","","","","","","","","","","","","","","","","","","","","","","","","","","","",
"Micronesia, Fed. Sts.","FSM","Poverty headcount ratio at rural poverty line (% of rural population)","SI.POV.RUHC","","","","","","","","","","","","","","","","","","","","","","","","","","","","","","","","","","","","","","","","","","","","","","","","","","","","","","",
"Gabon","GAB","Poverty headcount ratio at rural poverty line (% of rural population)","SI.POV.RUHC","","","","","","","","","","","","","","","","","","","","","","","","","","","","","","","","","","","","","","","","","","","","","","44.6","","","","","","","","",
"United Kingdom","GBR","Poverty headcount ratio at rural poverty line (% of rural population)","SI.POV.RUHC","","","","","","","","","","","","","","","","","","","","","","","","","","","","","","","","","","","","","","","","","","","","","","","","","","","","","","",
"Georgia","GEO","Poverty headcount ratio at rural poverty line (% of rural population)","SI.POV.RUHC","","","","","","","","","","","","","","","","","","","","","","","","","","","","","","","","","","","","","","","","","","","","","","","","24.2","21.9","20.6","24.7","21.9","18.8","",
"Ghana","GHA","Poverty headcount ratio at rural poverty line (% of rural population)","SI.POV.RUHC","","","","","","","","","","","","","","","","","","","","","","","","","","","","","","","","","63.6","","","","","","49.6","","","","","","","","39.2","","","","","","","",
"Guinea","GIN","Poverty headcount ratio at rural poverty line (% of rural population)","SI.POV.RUHC","","","","","","","","","","","","","","","","","","","","","","","","","","","","","","","","","","","82.1","","","","","","","","59.9","","","","","63","","","","","64.7","",
"Gambia, The","GMB","Poverty headcount ratio at rural poverty line (% of rural population)","SI.POV.RUHC","","","","","","","","","","","","","","","","","","","","","","","","","","","","","","","","","","","","","","","","","","","","","","","","","","","73.9","","","",
"Guinea-Bissau","GNB","Poverty headcount ratio at rural poverty line (% of rural population)","SI.POV.RUHC","","","","","","","","","","","","","","","","","","","","","","","","","","","","","","","","","","","","","","","","","","","69.7","","","","","","","","75.6","","","",
"Equatorial Guinea","GNQ","Poverty headcount ratio at rural poverty line (% of rural population)","SI.POV.RUHC","","","","","","","","","","","","","","","","","","","","","","","","","","","","","","","","","","","","","","","","","","","","","","","79.9","","","","","","","",
"Greece","GRC","Poverty headcount ratio at rural poverty line (% of rural population)","SI.POV.RUHC","","","","","","","","","","","","","","","","","","","","","","","","","","","","","","","","","","","","","","","","","","","","","","","","","","","","","","",
"Grenada","GRD","Poverty headcount ratio at rural poverty line (% of rural population)","SI.POV.RUHC","","","","","","","","","","","","","","","","","","","","","","","","","","","","","","","","","","","","","","","","","","","","","","","","","","","","","","",
"Greenland","GRL","Poverty headcount ratio at rural poverty line (% of rural population)","SI.POV.RUHC","","","","","","","","","","","","","","","","","","","","","","","","","","","","","","","","","","","","","","","","","","","","","","","","","","","","","","",
"Guatemala","GTM","Poverty headcount ratio at rural poverty line (% of rural population)","SI.POV.RUHC","","","","","","","","","","","","","","","","","","","","","","","","","","","","","","","","","","","","","","","","","74.5","","","","","","70.5","","","","","71.4","","",
"Guam","GUM","Poverty headcount ratio at rural poverty line (% of rural population)","SI.POV.RUHC","","","","","","","","","","","","","","","","","","","","","","","","","","","","","","","","","","","","","","","","","","","","","","","","","","","","","","",
"Guyana","GUY","Poverty headcount ratio at rural poverty line (% of rural population)","SI.POV.RUHC","","","","","","","","","","","","","","","","","","","","","","","","","","","","","","","","","","","","","","","","","","","","","","","","","","","","","","",
"High income","HIC","Poverty headcount ratio at rural poverty line (% of rural population)","SI.POV.RUHC","","","","","","","","","","","","","","","","","","","","","","","","","","","","","","","","","","","","","","","","","","","","","","","","","","","","","","",
"Hong Kong SAR, China","HKG","Poverty headcount ratio at rural poverty line (% of rural population)","SI.POV.RUHC","","","","","","","","","","","","","","","","","","","","","","","","","","","","","","","","","","","","","","","","","","","","","","","","","","","","","","",
"Honduras","HND","Poverty headcount ratio at rural poverty line (% of rural population)","SI.POV.RUHC","","","","","","","","","","","","","","","","","","","","","","","","","","","","","","","","","","","","","","","","","","71.3","71.3","72.7","71.9","69.5","66.8","65.2","63.1","64.4","65.4","65.2","69.3","68.5",
"Heavily indebted poor countries (HIPC)","HPC","Poverty headcount ratio at rural poverty line (% of rural population)","SI.POV.RUHC","","","","","","","","","","","","","","","","","","","","","","","","","","","","","","","","","","","","","","","","","","","","","","","","","","","","","","",
"Croatia","HRV","Poverty headcount ratio at rural poverty line (% of rural population)","SI.POV.RUHC","","","","","","","","","","","","","","","","","","","","","","","","","","","","","","","","","","","","","","","","","","","","","","","","","","","","","","",
"Haiti","HTI","Poverty headcount ratio at rural poverty line (% of rural population)","SI.POV.RUHC","","","","","","","","","","","","","","","","","","","","","","","","","","","","","","","","","","","","","","","","","","","","","","","","","","","","","75.2","",
"Hungary","HUN","Poverty headcount ratio at rural poverty line (% of rural population)","SI.POV.RUHC","","","","","","","","","","","","","","","","","","","","","","","","","","","","","","","","","","","","","","","","","","","","","","","","","","","","","","",
"Indonesia","IDN","Poverty headcount ratio at rural poverty line (% of rural population)","SI.POV.RUHC","","","","","","","","","","","","","","","","","","","","","","","","","","","","","","","","","","","","","19.8","","","26","","","21.1","20.2","20.1","20","21.8","20.4","18.9","17.4","16.6","15.7","15.1","14.3",
"Isle of Man","IMN","Poverty headcount ratio at rural poverty line (% of rural population)","SI.POV.RUHC","","","","","","","","","","","","","","","","","","","","","","","","","","","","","","","","","","","","","","","","","","","","","","","","","","","","","","",
"India","IND","Poverty headcount ratio at rural poverty line (% of rural population)","SI.POV.RUHC","","","","","","","","","","","","","","","","","","","","","","","","","","","","","","","","","","","50.1","","","","","","","","","","","41.8","","","","","33.8","","25.7","",
"Not classified","INX","Poverty headcount ratio at rural poverty line (% of rural population)","SI.POV.RUHC","","","","","","","","","","","","","","","","","","","","","","","","","","","","","","","","","","","","","","","","","","","","","","","","","","","","","","",
"Ireland","IRL","Poverty headcount ratio at rural poverty line (% of rural population)","SI.POV.RUHC","","","","","","","","","","","","","","","","","","","","","","","","","","","","","","","","","","","","","","","","","","","","","","","","","","","","","","",
"Iran, Islamic Rep.","IRN","Poverty headcount ratio at rural poverty line (% of rural population)","SI.POV.RUHC","","","","","","","","","","","","","","","","","","","","","","","","","","","","","","","","","","","","","","","","","","","","","","","","","","","","","","",
"Iraq","IRQ","Poverty headcount ratio at rural poverty line (% of rural population)","SI.POV.RUHC","","","","","","","","","","","","","","","","","","","","","","","","","","","","","","","","","","","","","","","","","","","","","","","","39","","","","","30.6","",
"Iceland","ISL","Poverty headcount ratio at rural poverty line (% of rural population)","SI.POV.RUHC","","","","","","","","","","","","","","","","","","","","","","","","","","","","","","","","","","","","","","","","","","","","","","","","","","","","","","",
"Israel","ISR","Poverty headcount ratio at rural poverty line (% of rural population)","SI.POV.RUHC","","","","","","","","","","","","","","","","","","","","","","","","","","","","","","","","","","","","","","","","","","","","","","","","","","","","","","",
"Italy","ITA","Poverty headcount ratio at rural poverty line (% of rural population)","SI.POV.RUHC","","","","","","","","","","","","","","","","","","","","","","","","","","","","","","","","","","","","","","","","","","","","","","","","","","","","","","",
"Jamaica","JAM","Poverty headcount ratio at rural poverty line (% of rural population)","SI.POV.RUHC","","","","","","","","","","","","","","","","","","","","","","","","","","","","","","","","63.9","42.2","","","","","","19.5","22","25.1","24.1","25.1","","","","","","","","","","","",
"Jordan","JOR","Poverty headcount ratio at rural poverty line (% of rural population)","SI.POV.RUHC","","","","","","","","","","","","","","","","","","","","","","","","","","","","","","","","","","","","","","","","","","","","","","","","","","","16.8","","","",
"Japan","JPN","Poverty headcount ratio at rural poverty line (% of rural population)","SI.POV.RUHC","","","","","","","","","","","","","","","","","","","","","","","","","","","","","","","","","","","","","","","","","","","","","","","","","","","","","","",
"Kazakhstan","KAZ","Poverty headcount ratio at rural poverty line (% of rural population)","SI.POV.RUHC","","","","","","","","","","","","","","","","","","","","","","","","","","","","","","","","","","","","","","","","","","59.4","58.4","53.2","47.1","45.6","24.4","18.1","15.9","12.1","10.1","8.8","6.1","4.9",
"Kenya","KEN","Poverty headcount ratio at rural poverty line (% of rural population)","SI.POV.RUHC","","","","","","","","","","","","","","","","","","","","","","","","","","","","","","","","","","","","","","","","","","","","","","49.1","","","","","","","","",
"Kyrgyz Republic","KGZ","Poverty headcount ratio at rural poverty line (% of rural population)","SI.POV.RUHC","","","","","","","","","","","","","","","","","","","","","","","","","","","","","","","","","","","","","","","","","","","","","","","47.7","41.7","36.8","37.1","39.5","40.4","39.6","",
"Cambodia","KHM","Poverty headcount ratio at rural poverty line (% of rural population)","SI.POV.RUHC","","","","","","","","","","","","","","","","","","","","","","","","","","","","","","","","","","","","","","","","","","","","","54.2","","","51.4","38.5","27.5","25.3","23.6","","",
"Kiribati","KIR","Poverty headcount ratio at rural poverty line (% of rural population)","SI.POV.RUHC","","","","","","","","","","","","","","","","","","","","","","","","","","","","","","","","","","","","","","","","","","","","","","","","","","","","","","",
"St. Kitts and Nevis","KNA","Poverty headcount ratio at rural poverty line (% of rural population)","SI.POV.RUHC","","","","","","","","","","","","","","","","","","","","","","","","","","","","","","","","","","","","","","","","","","","","","","","","","","","","","","",
"Korea, Rep.","KOR","Poverty headcount ratio at rural poverty line (% of rural population)","SI.POV.RUHC","","","","","","","","","","","","","","","","","","","","","","","","","","","","","","","","","","","","","","","","","","","","","","","","","","","","","","",
"Kosovo","KSV","Poverty headcount ratio at rural poverty line (% of rural population)","SI.POV.RUHC","","","","","","","","","","","","","","","","","","","","","","","","","","","","","","","","","","","","","","","","","","","","34.4","44.2","37.2","49.2","","","35.3","30.7","31.5","","",
"Kuwait","KWT","Poverty headcount ratio at rural poverty line (% of rural population)","SI.POV.RUHC","","","","","","","","","","","","","","","","","","","","","","","","","","","","","","","","","","","","","","","","","","","","","","","","","","","","","","",
"Latin America & Caribbean (developing only)","LAC","Poverty headcount ratio at rural poverty line (% of rural population)","SI.POV.RUHC","","","","","","","","","","","","","","","","","","","","","","","","","","","","","","","","","","","","","","","","","","","","","","","","","","","","","","",
"Lao PDR","LAO","Poverty headcount ratio at rural poverty line (% of rural population)","SI.POV.RUHC","","","","","","","","","","","","","","","","","","","","","","","","","","","","","","","","","51.8","","","","","42.5","","","","","37.6","","","","","","31.7","","","","","",
"Lebanon","LBN","Poverty headcount ratio at rural poverty line (% of rural population)","SI.POV.RUHC","","","","","","","","","","","","","","","","","","","","","","","","","","","","","","","","","","","","","","","","","","","","","","","","","","","","","","",
"Liberia","LBR","Poverty headcount ratio at rural poverty line (% of rural population)","SI.POV.RUHC","","","","","","","","","","","","","","","","","","","","","","","","","","","","","","","","","","","","","","","","","","","","","","","","67.7","","","","","","",
"Libya","LBY","Poverty headcount ratio at rural poverty line (% of rural population)","SI.POV.RUHC","","","","","","","","","","","","","","","","","","","","","","","","","","","","","","","","","","","","","","","","","","","","","","","","","","","","","","",
"St. Lucia","LCA","Poverty headcount ratio at rural poverty line (% of rural population)","SI.POV.RUHC","","","","","","","","","","","","","","","","","","","","","","","","","","","","","","","","","","","","","","","","","","","","","","","","","","","","","","",
"Latin America & Caribbean (all income levels)","LCN","Poverty headcount ratio at rural poverty line (% of rural population)","SI.POV.RUHC","","","","","","","","","","","","","","","","","","","","","","","","","","","","","","","","","","","","","","","","","","","","","","","","","","","","","","",
"Latin America and the Caribbean","LCR","Poverty headcount ratio at rural poverty line (% of rural population)","SI.POV.RUHC","","","","","","","","","","","","","","","","","","","","","","","","","","","","","","","","","","","","","","","","","","","","","","","","","","","","","","",
"Least developed countries: UN classification","LDC","Poverty headcount ratio at rural poverty line (% of rural population)","SI.POV.RUHC","","","","","","","","","","","","","","","","","","","","","","","","","","","","","","","","","","","","","","","","","","","","","","","","","","","","","","",
"Low income","LIC","Poverty headcount ratio at rural poverty line (% of rural population)","SI.POV.RUHC","","","","","","","","","","","","","","","","","","","","","","","","","","","","","","","","","","","","","","","","","","","","","","","","","","","","","","",
"Liechtenstein","LIE","Poverty headcount ratio at rural poverty line (% of rural population)","SI.POV.RUHC","","","","","","","","","","","","","","","","","","","","","","","","","","","","","","","","","","","","","","","","","","","","","","","","","","","","","","",
"Sri Lanka","LKA","Poverty headcount ratio at rural poverty line (% of rural population)","SI.POV.RUHC","","","","","","","","","","","","","","","","","","","","","","","","","","","","","","","","29.5","","","","","30.9","","","","","","24.7","","","","","15.7","","","9.4","","","7.6",
"Lower middle income","LMC","Poverty headcount ratio at rural poverty line (% of rural population)","SI.POV.RUHC","","","","","","","","","","","","","","","","","","","","","","","","","","","","","","","","","","","","","","","","","","","","","","","","","","","","","","",
"Low & middle income","LMY","Poverty headcount ratio at rural poverty line (% of rural population)","SI.POV.RUHC","","","","","","","","","","","","","","","","","","","","","","","","","","","","","","","","","","","","","","","","","","","","","","","","","","","","","","",
"Lesotho","LSO","Poverty headcount ratio at rural poverty line (% of rural population)","SI.POV.RUHC","","","","","","","","","","","","","","","","","","","","","","","","","","","","","","","","","","","68.9","","","","","","","","","60.5","","","","","","","","","","",
"Lithuania","LTU","Poverty headcount ratio at rural poverty line (% of rural population)","SI.POV.RUHC","","","","","","","","","","","","","","","","","","","","","","","","","","","","","","","","","","","","","","","","","","","","","","","","","","","","","","",
"Luxembourg","LUX","Poverty headcount ratio at rural poverty line (% of rural population)","SI.POV.RUHC","","","","","","","","","","","","","","","","","","","","","","","","","","","","","","","","","","","","","","","","","","","","","","","","","","","","","","",
"Latvia","LVA","Poverty headcount ratio at rural poverty line (% of rural population)","SI.POV.RUHC","","","","","","","","","","","","","","","","","","","","","","","","","","","","","","","","","","","","","","","","","","","","","","","","","","","","","","",
"Macao SAR, China","MAC","Poverty headcount ratio at rural poverty line (% of rural population)","SI.POV.RUHC","","","","","","","","","","","","","","","","","","","","","","","","","","","","","","","","","","","","","","","","","","","","","","","","","","","","","","",
"St. Martin (French part)","MAF","Poverty headcount ratio at rural poverty line (% of rural population)","SI.POV.RUHC","","","","","","","","","","","","","","","","","","","","","","","","","","","","","","","","","","","","","","","","","","","","","","","","","","","","","","",
"Morocco","MAR","Poverty headcount ratio at rural poverty line (% of rural population)","SI.POV.RUHC","","","","","","","","","","","","","","","","","","","","","","","","","","","","","","","","","","","","","","","","24.2","","25.1","","","","","","14.4","","","","","","",
"Mexico and Central America","MCA","Poverty headcount ratio at rural poverty line (% of rural population)","SI.POV.RUHC","","","","","","","","","","","","","","","","","","","","","","","","","","","","","","","","","","","","","","","","","","","","","","","","","","","","","","",
"Monaco","MCO","Poverty headcount ratio at rural poverty line (% of rural population)","SI.POV.RUHC","","","","","","","","","","","","","","","","","","","","","","","","","","","","","","","","","","","","","","","","","","","","","","","","","","","","","","",
"Moldova","MDA","Poverty headcount ratio at rural poverty line (% of rural population)","SI.POV.RUHC","","","","","","","","","","","","","","","","","","","","","","","","","","","","","","","","","","","","","","","","","","","","","","","34.1","31.3","34.6","36.3","30.3","25","22.8","",
"Madagascar","MDG","Poverty headcount ratio at rural poverty line (% of rural population)","SI.POV.RUHC","","","","","","","","","","","","","","","","","","","","","","","","","","","","","","","","","","","","","","","","","","78.2","","","","80.6","","","","","81.5","","","",
"Maldives","MDV","Poverty headcount ratio at rural poverty line (% of rural population)","SI.POV.RUHC","","","","","","","","","","","","","","","","","","","","","","","","","","","","","","","","","","","","","","","","","","","","","","","","","","","","","","",
"Middle East & North Africa (all income levels)","MEA","Poverty headcount ratio at rural poverty line (% of rural population)","SI.POV.RUHC","","","","","","","","","","","","","","","","","","","","","","","","","","","","","","","","","","","","","","","","","","","","","","","","","","","","","","",
"Mexico","MEX","Poverty headcount ratio at rural poverty line (% of rural population)","SI.POV.RUHC","","","","","","","","","","","","","","","","","","","","","","","","","","","","","","","","","66.5","","69.3","","80.7","","75.9","","69.2","","64.3","","57.4","61.8","54.6","","60.3","","60.7","","63.6","",
"Marshall Islands","MHL","Poverty headcount ratio at rural poverty line (% of rural population)","SI.POV.RUHC","","","","","","","","","","","","","","","","","","","","","","","","","","","","","","","","","","","","","","","","","","","","","","","","","","","","","","",
"Middle income","MIC","Poverty headcount ratio at rural poverty line (% of rural population)","SI.POV.RUHC","","","","","","","","","","","","","","","","","","","","","","","","","","","","","","","","","","","","","","","","","","","","","","","","","","","","","","",
"Macedonia, FYR","MKD","Poverty headcount ratio at rural poverty line (% of rural population)","SI.POV.RUHC","","","","","","","","","","","","","","","","","","","","","","","","","","","","","","","","","","","","","","","","","","","","","","","","","","","","","","",
"Mali","MLI","Poverty headcount ratio at rural poverty line (% of rural population)","SI.POV.RUHC","","","","","","","","","","","","","","","","","","","","","","","","","","","","","","","","","","","","","","","","","","64.8","","","","","57","","","","50.6","","","",
"Malta","MLT","Poverty headcount ratio at rural poverty line (% of rural population)","SI.POV.RUHC","","","","","","","","","","","","","","","","","","","","","","","","","","","","","","","","","","","","","","","","","","","","","","","","","","","","","","",
"Myanmar","MMR","Poverty headcount ratio at rural poverty line (% of rural population)","SI.POV.RUHC","","","","","","","","","","","","","","","","","","","","","","","","","","","","","","","","","","","","","","","","","","","","","","","","","","","","","","",
"Middle East & North Africa (developing only)","MNA","Poverty headcount ratio at rural poverty line (% of rural population)","SI.POV.RUHC","","","","","","","","","","","","","","","","","","","","","","","","","","","","","","","","","","","","","","","","","","","","","","","","","","","","","","",
"Montenegro","MNE","Poverty headcount ratio at rural poverty line (% of rural population)","SI.POV.RUHC","","","","","","","","","","","","","","","","","","","","","","","","","","","","","","","","","","","","","","","","","","","","","","16.5","17.6","12","8.9","14.8","11.3","18.4","18.1","",
"Mongolia","MNG","Poverty headcount ratio at rural poverty line (% of rural population)","SI.POV.RUHC","","","","","","","","","","","","","","","","","","","","","","","","","","","","","","","","","","","","","","","","","","","","","","","","","","","49","43.4","35.5","",
"Northern Mariana Islands","MNP","Poverty headcount ratio at rural poverty line (% of rural population)","SI.POV.RUHC","","","","","","","","","","","","","","","","","","","","","","","","","","","","","","","","","","","","","","","","","","","","","","","","","","","","","","",
"Mozambique","MOZ","Poverty headcount ratio at rural poverty line (% of rural population)","SI.POV.RUHC","","","","","","","","","","","","","","","","","","","","","","","","","","","","","","","","","","","","","71.3","","","","","","","55.3","","","","","","56.9","","","","",
"Mauritania","MRT","Poverty headcount ratio at rural poverty line (% of rural population)","SI.POV.RUHC","","","","","","","","","","","","","","","","","","","","","","","","","","","","","","","","","","","","","","","","","66.2","","","","59","","","","59.4","","","","","",
"Mauritius","MUS","Poverty headcount ratio at rural poverty line (% of rural population)","SI.POV.RUHC","","","","","","","","","","","","","","","","","","","","","","","","","","","","","","","","","","","","","","","","","","","","","","","","","","","","","","",
"Malawi","MWI","Poverty headcount ratio at rural poverty line (% of rural population)","SI.POV.RUHC","","","","","","","","","","","","","","","","","","","","","","","","","","","","","","","","","","","","","","","66.5","","","","","","55.9","","","","","","56.6","","","",
"Malaysia","MYS","Poverty headcount ratio at rural poverty line (% of rural population)","SI.POV.RUHC","","","","","","","","","","","","","","","","","45.7","","","45.8","","","","","27.3","","","24.8","","21.1","","","21.2","","","14.9","","10.9","","14.8","","","13.5","","11.9","","","7.1","","8.4","","","3.4","",
"North America","NAC","Poverty headcount ratio at rural poverty line (% of rural population)","SI.POV.RUHC","","","","","","","","","","","","","","","","","","","","","","","","","","","","","","","","","","","","","","","","","","","","","","","","","","","","","","",
"Namibia","NAM","Poverty headcount ratio at rural poverty line (% of rural population)","SI.POV.RUHC","","","","","","","","","","","","","","","","","","","","","","","","","","","","","","","","","","","81.6","","","","","","","","","","48.7","","","","","37.4","","","","",
"New Caledonia","NCL","Poverty headcount ratio at rural poverty line (% of rural population)","SI.POV.RUHC","","","","","","","","","","","","","","","","","","","","","","","","","","","","","","","","","","","","","","","","","","","","","","","","","","","","","","",
"Niger","NER","Poverty headcount ratio at rural poverty line (% of rural population)","SI.POV.RUHC","","","","","","","","","","","","","","","","","","","","","","","","","","","","","","","","","","","","","","","","","","","","","","","","63.9","","","","","","",
"Nigeria","NGA","Poverty headcount ratio at rural poverty line (% of rural population)","SI.POV.RUHC","","","","","","","","","","","","","","","","","","","","","","","","","","","","","","","","","","","","","","","","","","","","","56.6","","","","","","52.8","","","",
"Nicaragua","NIC","Poverty headcount ratio at rural poverty line (% of rural population)","SI.POV.RUHC","","","","","","","","","","","","","","","","","","","","","","","","","","","","","","","","","","","","","","","","","","","","","","70.3","","","","63.3","","","","",
"Netherlands","NLD","Poverty headcount ratio at rural poverty line (% of rural population)","SI.POV.RUHC","","","","","","","","","","","","","","","","","","","","","","","","","","","","","","","","","","","","","","","","","","","","","","","","","","","","","","",
"High income: nonOECD","NOC","Poverty headcount ratio at rural poverty line (% of rural population)","SI.POV.RUHC","","","","","","","","","","","","","","","","","","","","","","","","","","","","","","","","","","","","","","","","","","","","","","","","","","","","","","",
"Norway","NOR","Poverty headcount ratio at rural poverty line (% of rural population)","SI.POV.RUHC","","","","","","","","","","","","","","","","","","","","","","","","","","","","","","","","","","","","","","","","","","","","","","","","","","","","","","",
"Nepal","NPL","Poverty headcount ratio at rural poverty line (% of rural population)","SI.POV.RUHC","","","","","","","","","","","","","","","","","","","","","","","","","","","","","","","","","","","","","","","","","","","","","","","","","","","27.4","","","",
"New Zealand","NZL","Poverty headcount ratio at rural poverty line (% of rural population)","SI.POV.RUHC","","","","","","","","","","","","","","","","","","","","","","","","","","","","","","","","","","","","","","","","","","","","","","","","","","","","","","",
"High income: OECD","OEC","Poverty headcount ratio at rural poverty line (% of rural population)","SI.POV.RUHC","","","","","","","","","","","","","","","","","","","","","","","","","","","","","","","","","","","","","","","","","","","","","","","","","","","","","","",
"OECD members","OED","Poverty headcount ratio at rural poverty line (% of rural population)","SI.POV.RUHC","","","","","","","","","","","","","","","","","","","","","","","","","","","","","","","","","","","","","","","","","","","","","","","","","","","","","","",
"Oman","OMN","Poverty headcount ratio at rural poverty line (% of rural population)","SI.POV.RUHC","","","","","","","","","","","","","","","","","","","","","","","","","","","","","","","","","","","","","","","","","","","","","","","","","","","","","","",
"Other small states","OSS","Poverty headcount ratio at rural poverty line (% of rural population)","SI.POV.RUHC","","","","","","","","","","","","","","","","","","","","","","","","","","","","","","","","","","","","","","","","","","","","","","","","","","","","","","",
"Pakistan","PAK","Poverty headcount ratio at rural poverty line (% of rural population)","SI.POV.RUHC","","","","","","","","","","","","","","","","","","","","","","","","","","","","","","","","","","","","","","","","34.7","","","39.3","","","28.1","27","","","","","","","",
"Panama","PAN","Poverty headcount ratio at rural poverty line (% of rural population)","SI.POV.RUHC","","","","","","","","","","","","","","","","","","","","","","","","","","","","","","","","","","","","","","","","","","","","","","","64.4","62.3","59.4","59.6","54.1","50.4","","",
"Peru","PER","Poverty headcount ratio at rural poverty line (% of rural population)","SI.POV.RUHC","","","","","","","","","","","","","","","","","","","","","","","","","","","","","","","","","","","","","","","","","","","","","83.4","82.5","79.3","74","68.8","66.7","61","56.1","53","48",
"Philippines","PHL","Poverty headcount ratio at rural poverty line (% of rural population)","SI.POV.RUHC","","","","","","","","","","","","","","","","","","","","","","","","","","","","","","","","","","","","","","","","","","","","","","","","","","","","","","",
"Palau","PLW","Poverty headcount ratio at rural poverty line (% of rural population)","SI.POV.RUHC","","","","","","","","","","","","","","","","","","","","","","","","","","","","","","","","","","","","","","","","","","","","","","","","","","","","","","",
"Papua New Guinea","PNG","Poverty headcount ratio at rural poverty line (% of rural population)","SI.POV.RUHC","","","","","","","","","","","","","","","","","","","","","","","","","","","","","","","","","","","","","41.3","","","","","","","","","","","","","41.6","","","","",
"Poland","POL","Poverty headcount ratio at rural poverty line (% of rural population)","SI.POV.RUHC","","","","","","","","","","","","","","","","","","","","","","","","","","","","","","","","","","","","","","","","","","","","","","","","","","","","","","",
"Puerto Rico","PRI","Poverty headcount ratio at rural poverty line (% of rural population)","SI.POV.RUHC","","","","","","","","","","","","","","","","","","","","","","","","","","","","","","","","","","","","","","","","","","","","","","","","","","","","","","",
"Korea, Dem. Rep.","PRK","Poverty headcount ratio at rural poverty line (% of rural population)","SI.POV.RUHC","","","","","","","","","","","","","","","","","","","","","","","","","","","","","","","","","","","","","","","","","","","","","","","","","","","","","","",
"Portugal","PRT","Poverty headcount ratio at rural poverty line (% of rural population)","SI.POV.RUHC","","","","","","","","","","","","","","","","","","","","","","","","","","","","","","","","","","","","","","","","","","","","","","","","","","","","","","",
"Paraguay","PRY","Poverty headcount ratio at rural poverty line (% of rural population)","SI.POV.RUHC","","","","","","","","","","","","","","","","","","","","","","","","","","","","","","","","","","","","","","","","","","","","52.5","48.9","44.2","55.3","51.8","48.8","49.8","48.9","44.8","42.1","33.8",
"Pacific island small states","PSS","Poverty headcount ratio at rural poverty line (% of rural population)","SI.POV.RUHC","","","","","","","","","","","","","","","","","","","","","","","","","","","","","","","","","","","","","","","","","","","","","","","","","","","","","","",
"French Polynesia","PYF","Poverty headcount ratio at rural poverty line (% of rural population)","SI.POV.RUHC","","","","","","","","","","","","","","","","","","","","","","","","","","","","","","","","","","","","","","","","","","","","","","","","","","","","","","",
"Qatar","QAT","Poverty headcount ratio at rural poverty line (% of rural population)","SI.POV.RUHC","","","","","","","","","","","","","","","","","","","","","","","","","","","","","","","","","","","","","","","","","","","","","","","","","","","","","","",
"Romania","ROU","Poverty headcount ratio at rural poverty line (% of rural population)","SI.POV.RUHC","","","","","","","","","","","","","","","","","","","","","","","","","","","","","","","","","","","","","","","","","47.8","44.7","42.4","38","27.3","23.5","","","","","","","","",
"Russian Federation","RUS","Poverty headcount ratio at rural poverty line (% of rural population)","SI.POV.RUHC","","","","","","","","","","","","","","","","","","","","","","","","","","","","","","","","","","","","","","","","","","","","","","","","","","","","","","",
"Rwanda","RWA","Poverty headcount ratio at rural poverty line (% of rural population)","SI.POV.RUHC","","","","","","","","","","","","","","","","","","","","","","","","","","","","","","","","","","","","","","","","","","","","","","","61.9","","","","","48.7","","",
"South Asia","SAS","Poverty headcount ratio at rural poverty line (% of rural population)","SI.POV.RUHC","","","","","","","","","","","","","","","","","","","","","","","","","","","","","","","","","","","","","","","","","","","","","","","","","","","","","","",
"Saudi Arabia","SAU","Poverty headcount ratio at rural poverty line (% of rural population)","SI.POV.RUHC","","","","","","","","","","","","","","","","","","","","","","","","","","","","","","","","","","","","","","","","","","","","","","","","","","","","","","",
"Southern Cone Extended","SCE","Poverty headcount ratio at rural poverty line (% of rural population)","SI.POV.RUHC","","","","","","","","","","","","","","","","","","","","","","","","","","","","","","","","","","","","","","","","","","","","","","","","","","","","","","",
"Sudan","SDN","Poverty headcount ratio at rural poverty line (% of rural population)","SI.POV.RUHC","","","","","","","","","","","","","","","","","","","","","","","","","","","","","","","","","","","","","","","","","","","","","","","","","","57.6","","","","",
"Senegal","SEN","Poverty headcount ratio at rural poverty line (% of rural population)","SI.POV.RUHC","","","","","","","","","","","","","","","","","","","","","","","","","","","","","","","","","","","","","","","","","","65.1","","","","58.8","","","","","","57.1","","",
"Singapore","SGP","Poverty headcount ratio at rural poverty line (% of rural population)","SI.POV.RUHC","","","","","","","","","","","","","","","","","","","","","","","","","","","","","","","","","","","","","","","","","","","","","","","","","","","","","","",
"Solomon Islands","SLB","Poverty headcount ratio at rural poverty line (% of rural population)","SI.POV.RUHC","","","","","","","","","","","","","","","","","","","","","","","","","","","","","","","","","","","","","","","","","","","","","","","","","","","","","","",
"Sierra Leone","SLE","Poverty headcount ratio at rural poverty line (% of rural population)","SI.POV.RUHC","","","","","","","","","","","","","","","","","","","","","","","","","","","","","","","","","","","","","","","","","","","","78.7","","","","","","","","66.1","","",
"El Salvador","SLV","Poverty headcount ratio at rural poverty line (% of rural population)","SI.POV.RUHC","","","","","","","","","","","","","","","","","","","","","","","","","","","","","","","","","","","","","","","","","","","","","","42.5","35.8","43.8","49","46.5","43.2","50.2","43.3","",
"San Marino","SMR","Poverty headcount ratio at rural poverty line (% of rural population)","SI.POV.RUHC","","","","","","","","","","","","","","","","","","","","","","","","","","","","","","","","","","","","","","","","","","","","","","","","","","","","","","",
"Somalia","SOM","Poverty headcount ratio at rural poverty line (% of rural population)","SI.POV.RUHC","","","","","","","","","","","","","","","","","","","","","","","","","","","","","","","","","","","","","","","","","","","","","","","","","","","","","","",
"Serbia","SRB","Poverty headcount ratio at rural poverty line (% of rural population)","SI.POV.RUHC","","","","","","","","","","","","","","","","","","","","","","","","","","","","","","","","","","","","","","","","","","","","","","","","","","","","","","",
"Sub-Saharan Africa (developing only)","SSA","Poverty headcount ratio at rural poverty line (% of rural population)","SI.POV.RUHC","","","","","","","","","","","","","","","","","","","","","","","","","","","","","","","","","","","","","","","","","","","","","","","","","","","","","","",
"South Sudan","SSD","Poverty headcount ratio at rural poverty line (% of rural population)","SI.POV.RUHC","","","","","","","","","","","","","","","","","","","","","","","","","","","","","","","","","","","","","","","","","","","","","","","","","","55.4","","","","",
"Sub-Saharan Africa (all income levels)","SSF","Poverty headcount ratio at rural poverty line (% of rural population)","SI.POV.RUHC","","","","","","","","","","","","","","","","","","","","","","","","","","","","","","","","","","","","","","","","","","","","","","","","","","","","","","",
"Small states","SST","Poverty headcount ratio at rural poverty line (% of rural population)","SI.POV.RUHC","","","","","","","","","","","","","","","","","","","","","","","","","","","","","","","","","","","","","","","","","","","","","","","","","","","","","","",
"Sao Tome and Principe","STP","Poverty headcount ratio at rural poverty line (% of rural population)","SI.POV.RUHC","","","","","","","","","","","","","","","","","","","","","","","","","","","","","","","","","","","","","","","","","","","","","","","","","","59.4","","","","",
"Suriname","SUR","Poverty headcount ratio at rural poverty line (% of rural population)","SI.POV.RUHC","","","","","","","","","","","","","","","","","","","","","","","","","","","","","","","","","","","","","","","","","","","","","","","","","","","","","","",
"Slovak Republic","SVK","Poverty headcount ratio at rural poverty line (% of rural population)","SI.POV.RUHC","","","","","","","","","","","","","","","","","","","","","","","","","","","","","","","","","","","","","","","","","","","","","","","","","","","","","","",
"Slovenia","SVN","Poverty headcount ratio at rural poverty line (% of rural population)","SI.POV.RUHC","","","","","","","","","","","","","","","","","","","","","","","","","","","","","","","","","","","","","","","","","","","","","","","","","","","","","","",
"Sweden","SWE","Poverty headcount ratio at rural poverty line (% of rural population)","SI.POV.RUHC","","","","","","","","","","","","","","","","","","","","","","","","","","","","","","","","","","","","","","","","","","","","","","","","","","","","","","",
"Swaziland","SWZ","Poverty headcount ratio at rural poverty line (% of rural population)","SI.POV.RUHC","","","","","","","","","","","","","","","","","","","","","","","","","","","","","","","","","","","","","","","","","","79.7","","","","","","","","73.1","","","","",
"Sint Maarten (Dutch part)","SXM","Poverty headcount ratio at rural poverty line (% of rural population)","SI.POV.RUHC","","","","","","","","","","","","","","","","","","","","","","","","","","","","","","","","","","","","","","","","","","","","","","","","","","","","","","",
"Seychelles","SYC","Poverty headcount ratio at rural poverty line (% of rural population)","SI.POV.RUHC","","","","","","","","","","","","","","","","","","","","","","","","","","","","","","","","","","","","","","","","","","","","","","","","","","","","","","",
"Syrian Arab Republic","SYR","Poverty headcount ratio at rural poverty line (% of rural population)","SI.POV.RUHC","","","","","","","","","","","","","","","","","","","","","","","","","","","","","","","","","","","","","","","","","","","","","31.8","","","36.9","","","","","","",
"Turks and Caicos Islands","TCA","Poverty headcount ratio at rural poverty line (% of rural population)","SI.POV.RUHC","","","","","","","","","","","","","","","","","","","","","","","","","","","","","","","","","","","","","","","","","","","","","","","","","","","","","","",
"Chad","TCD","Poverty headcount ratio at rural poverty line (% of rural population)","SI.POV.RUHC","","","","","","","","","","","","","","","","","","","","","","","","","","","","","","","","","","","","","","","","","","","","58.4","","","","","","","","52.5","","",
"Togo","TGO","Poverty headcount ratio at rural poverty line (% of rural population)","SI.POV.RUHC","","","","","","","","","","","","","","","","","","","","","","","","","","","","","","","","","","","","","","","","","","","","","","","75.1","","","","","73.4","","",
"Thailand","THA","Poverty headcount ratio at rural poverty line (% of rural population)","SI.POV.RUHC","","","","","","","","","","","","","","","","","","","","","","","","","","","","","74.1","","66.2","","60","","50.6","","42.3","","46.8","","51.7","","40.4","","33.7","","30.4","27.2","27.5","25.1","23.1","16.7","","",
"Tajikistan","TJK","Poverty headcount ratio at rural poverty line (% of rural population)","SI.POV.RUHC","","","","","","","","","","","","","","","","","","","","","","","","","","","","","","","","","","","","","","","","","","","","73.8","","","","54.4","","49.2","","","","",
"Turkmenistan","TKM","Poverty headcount ratio at rural poverty line (% of rural population)","SI.POV.RUHC","","","","","","","","","","","","","","","","","","","","","","","","","","","","","","","","","","","","","","","","","","","","","","","","","","","","","","",
"Timor-Leste","TLS","Poverty headcount ratio at rural poverty line (% of rural population)","SI.POV.RUHC","","","","","","","","","","","","","","","","","","","","","","","","","","","","","","","","","","","","","","","","","","39.7","","","","","","51.5","","","","","","",
"Tonga","TON","Poverty headcount ratio at rural poverty line (% of rural population)","SI.POV.RUHC","","","","","","","","","","","","","","","","","","","","","","","","","","","","","","","","","","","","","","","","","","","","","","","","","","","","","","",
"Trinidad and Tobago","TTO","Poverty headcount ratio at rural poverty line (% of rural population)","SI.POV.RUHC","","","","","","","","","","","","","","","","","","","","","","","","","","","","","","","","","","","","","","","","","","","","","","","","","","","","","","",
"Tunisia","TUN","Poverty headcount ratio at rural poverty line (% of rural population)","SI.POV.RUHC","","","","","","","","","","","","","","","","","","","","","","","","","","","","","","","","","","","","","","","","","","","","","","","","","","","","","","",
"Turkey","TUR","Poverty headcount ratio at rural poverty line (% of rural population)","SI.POV.RUHC","","","","","","","","","","","","","","","","","","","","","","","","","","","","","","","","","","","","","","","","","","","38.8","32.2","32.6","26.6","25.4","17.6","15.3","11.9","9.6","6.8","5.9","",
"Tuvalu","TUV","Poverty headcount ratio at rural poverty line (% of rural population)","SI.POV.RUHC","","","","","","","","","","","","","","","","","","","","","","","","","","","","","","","","","","","","","","","","","","","","","","","","","","","","","","",
"Tanzania","TZA","Poverty headcount ratio at rural poverty line (% of rural population)","SI.POV.RUHC","","","","","","","","","","","","","","","","","","","","","","","","","","","","","","","","","","","","","","","","","","","","","","","","","","","","","33.3","",
"Uganda","UGA","Poverty headcount ratio at rural poverty line (% of rural population)","SI.POV.RUHC","","","","","","","","","","","","","","","","","","","","","","","","","","","","","","","","","60.3","","","","48.7","","","","37.4","","42.7","","","34.2","","","","27.2","","","","",
"Ukraine","UKR","Poverty headcount ratio at rural poverty line (% of rural population)","SI.POV.RUHC","","","","","","","","","","","","","","","","","","","","","","","","","","","","","","","","","","","","","","","","","","","","","","","","","","","","","","",
"Upper middle income","UMC","Poverty headcount ratio at rural poverty line (% of rural population)","SI.POV.RUHC","","","","","","","","","","","","","","","","","","","","","","","","","","","","","","","","","","","","","","","","","","","","","","","","","","","","","","",
"Uruguay","URY","Poverty headcount ratio at rural poverty line (% of rural population)","SI.POV.RUHC","","","","","","","","","","","","","","","","","","","","","","","","","","","","","","","","","","","","","","","","","","","","","","","23.5","17.9","9.7","9.6","6.2","6","4.1","3",
"United States","USA","Poverty headcount ratio at rural poverty line (% of rural population)","SI.POV.RUHC","","","","","","","","","","","","","","","","","","","","","","","","","","","","","","","","","","","","","","","","","","","","","","","","","","","","","","",
"Uzbekistan","UZB","Poverty headcount ratio at rural poverty line (% of rural population)","SI.POV.RUHC","","","","","","","","","","","","","","","","","","","","","","","","","","","","","","","","","","","","","","","","","","","","","","","","","","","","","","",
"St. Vincent and the Grenadines","VCT","Poverty headcount ratio at rural poverty line (% of rural population)","SI.POV.RUHC","","","","","","","","","","","","","","","","","","","","","","","","","","","","","","","","","","","","","","","","","","","","","","","","","","","","","","",
"Venezuela, RB","VEN","Poverty headcount ratio at rural poverty line (% of rural population)","SI.POV.RUHC","","","","","","","","","","","","","","","","","","","","","","","","","","","","","","","","","","","","","","","","","","","","","","","","","","","","","","",
"Virgin Islands (U.S.)","VIR","Poverty headcount ratio at rural poverty line (% of rural population)","SI.POV.RUHC","","","","","","","","","","","","","","","","","","","","","","","","","","","","","","","","","","","","","","","","","","","","","","","","","","","","","","",
"Vietnam","VNM","Poverty headcount ratio at rural poverty line (% of rural population)","SI.POV.RUHC","","","","","","","","","","","","","","","","","","","","","","","","","","","","","","","","","","","","","","","","","","","","","","","","","","","26.9","","22.1","",
"Vanuatu","VUT","Poverty headcount ratio at rural poverty line (% of rural population)","SI.POV.RUHC","","","","","","","","","","","","","","","","","","","","","","","","","","","","","","","","","","","","","","","","","","","","","","","","","","","","","","",
"West Bank and Gaza","PSE","Poverty headcount ratio at rural poverty line (% of rural population)","SI.POV.RUHC","","","","","","","","","","","","","","","","","","","","","","","","","","","","","","","","","","","","","","","","","","","","38.5","","32.5","29.5","","","26.6","21.9","19.4","","",
"World","WLD","Poverty headcount ratio at rural poverty line (% of rural population)","SI.POV.RUHC","","","","","","","","","","","","","","","","","","","","","","","","","","","","","","","","","","","","","","","","","","","","","","","","","","","","","","",
"Samoa","WSM","Poverty headcount ratio at rural poverty line (% of rural population)","SI.POV.RUHC","","","","","","","","","","","","","","","","","","","","","","","","","","","","","","","","","","","","","","","","","","","","","","","","","","","","","","",
"Yemen, Rep.","YEM","Poverty headcount ratio at rural poverty line (% of rural population)","SI.POV.RUHC","","","","","","","","","","","","","","","","","","","","","","","","","","","","","","","","","","","","","","","42.5","","","","","","","40.1","","","","","","","","",
"South Africa","ZAF","Poverty headcount ratio at rural poverty line (% of rural population)","SI.POV.RUHC","","","","","","","","","","","","","","","","","","","","","","","","","","","","","","","","","","","","","","","","","","","","","","","","","","","","","","",
"Congo, Dem. Rep.","COD","Poverty headcount ratio at rural poverty line (% of rural population)","SI.POV.RUHC","","","","","","","","","","","","","","","","","","","","","","","","","","","","","","","","","","","","","","","","","","","","","","75.7","","","","","","","","",
"Zambia","ZMB","Poverty headcount ratio at rural poverty line (% of rural population)","SI.POV.RUHC","","","","","","","","","","","","","","","","","","","","","","","","","","","","","","","","","","","","","","","","","","","","","","","","","","","77.9","","","",
"Zimbabwe","ZWE","Poverty headcount ratio at rural poverty line (% of rural population)","SI.POV.RUHC","","","","","","","","","","","","","","","","","","","","","","","","","","","","","","","","","","","","","","","","","","","","","","","","","","","","84.3","","",
